Substition type,SARS-CoV,MERS,Other Betacoronavirus,Influenza A,HIV,EBV,Alphacoronavirus,Torovirinae,Roniviridae,Mesoniviridae,Arteriviridae
AT>CA,410,29,1318,1140,2938,62,2305,121,30,230,958
AT>CC,233,27,637,1038,1664,117,978,75,73,131,1118
AT>CG,432,29,1201,453,792,290,2502,46,64,154,1915
AT>CT,389,35,1326,1259,3559,55,2259,138,32,191,1336
CT>CA,254,28,860,890,1196,151,1554,64,40,88,1309
CT>CC,83,28,313,603,394,194,364,18,28,31,1092
CT>CG,216,27,569,933,388,484,1001,21,30,82,1870
CT>CT,244,29,672,1476,797,92,1026,31,26,70,1292
GT>CA,150,15,689,848,1378,118,1271,54,37,63,832
GT>CC,67,17,280,607,699,181,421,35,32,22,1004
GT>CG,202,18,723,621,473,305,1177,17,19,44,1467
GT>CT,209,24,792,1043,1626,128,1662,97,21,89,1206
TT>CA,412,28,1207,1218,1840,107,2282,55,24,103,1476
TT>CC,173,16,405,930,1016,162,515,46,45,41,1399
TT>CG,251,28,785,730,341,207,1708,26,41,73,2309
TT>CT,291,45,1272,1525,1843,108,2298,111,23,125,1685
TA>GT,142,20,481,1213,1825,98,888,43,10,72,702
GA>GT,86,17,267,300,1644,111,505,38,12,7,757
CA>GT,152,13,382,1058,735,288,659,39,21,51,891
AA>GT,207,9,630,778,4357,116,1076,72,38,110,1015
TA>GG,105,12,397,594,2619,155,614,42,6,27,834
GA>GG,95,6,191,485,1774,245,210,16,2,10,970
CA>GG,154,12,295,974,1376,515,479,18,9,41,1281
AA>GG,341,17,901,818,6636,171,1403,61,48,85,1838
TA>GC,76,4,258,713,1494,137,422,22,4,50,573
GA>GC,65,5,150,685,1499,211,184,25,10,10,710
CA>GC,142,16,309,730,569,318,416,17,18,56,912
AA>GC,159,19,426,837,2768,103,788,31,41,96,989
TA>GA,69,10,252,1096,2682,165,401,31,9,77,892
GA>GA,48,9,116,830,3030,137,220,21,3,13,937
CA>GA,124,7,182,823,1028,212,323,12,17,50,971
AA>GA,240,8,562,847,7251,148,1091,49,32,138,1382
AT>GA,10,0,44,133,343,85,44,4,1,8,19
AT>GC,14,4,81,226,500,60,110,5,8,9,34
AT>GG,11,1,80,198,539,133,138,4,0,7,30
AT>GT,16,4,96,96,425,34,173,8,0,12,60
CT>GA,10,1,106,133,102,51,134,1,2,17,37
CT>GC,38,3,137,706,83,106,205,2,15,18,103
CT>GG,56,2,174,608,215,108,234,5,2,3,149
CT>GT,45,3,185,738,97,113,324,6,2,10,120
GT>GA,7,0,34,93,71,71,44,5,2,5,27
GT>GC,4,2,55,232,84,173,114,5,7,6,70
GT>GG,11,0,45,187,185,183,99,6,0,4,77
GT>GT,21,3,125,263,308,78,223,14,3,6,116
TT>GA,24,4,165,197,162,110,267,6,1,19,50
TT>GC,60,12,217,358,317,101,375,14,12,22,114
TT>GG,45,11,235,182,147,131,510,13,1,6,154
TT>GT,48,3,291,475,367,98,557,34,2,18,173
AC>GA,11,1,29,60,321,71,45,0,3,8,36
AC>GC,3,0,23,177,174,69,38,0,2,7,47
AC>GG,0,0,2,13,33,27,4,0,0,2,14
AC>GT,18,3,104,96,198,36,142,4,1,16,38
CC>GA,3,0,22,104,62,47,35,2,3,1,68
CC>GC,5,1,5,41,15,50,8,0,3,5,79
CC>GG,1,0,4,68,7,43,14,0,0,1,55
CC>GT,9,3,30,147,46,48,28,0,2,6,129
GC>GA,2,0,18,135,327,53,21,2,2,1,51
GC>GC,1,1,25,125,42,175,20,1,3,0,86
GC>GG,1,1,3,36,26,46,8,0,0,0,33
GC>GT,10,1,56,141,211,40,99,3,2,5,79
TC>GA,8,0,35,112,148,56,63,5,5,4,78
TC>GC,5,0,25,73,32,50,25,3,5,3,42
TC>GG,0,0,10,41,7,30,22,2,0,2,38
TC>GT,13,0,63,614,114,84,89,2,5,3,106
TA>CT,15,0,85,469,549,88,115,7,5,20,68
GA>CT,22,4,104,214,588,37,201,3,9,18,82
CA>CT,59,7,156,764,705,124,206,13,12,45,128
AA>CT,27,0,125,1027,1181,56,283,10,10,46,85
TA>CG,10,1,64,395,203,68,90,4,6,25,44
GA>CG,18,0,63,124,190,79,119,2,7,15,110
CA>CG,30,4,102,853,412,182,131,6,16,40,210
AA>CG,20,3,66,671,519,66,135,3,9,19,120
TA>CC,11,1,53,166,280,43,58,5,4,16,35
GA>CC,17,1,33,264,157,120,58,1,12,15,42
CA>CC,18,3,76,306,242,127,136,9,14,47,96
AA>CC,10,1,46,578,555,65,89,11,11,36,75
TA>CA,16,0,90,699,673,59,104,5,3,37,68
GA>CA,30,6,79,477,857,91,125,3,11,34,100
CA>CA,53,1,98,547,543,159,189,18,29,47,215
AA>CA,15,1,76,423,1939,50,148,9,14,73,110
TA>TT,38,7,298,515,749,38,341,34,3,82,130
GA>TT,11,0,61,139,165,98,88,5,1,10,81
CA>TT,118,9,284,318,453,54,331,24,15,62,213
AA>TT,17,3,95,237,579,33,99,10,1,35,70
TA>TG,63,0,236,91,265,38,202,20,5,36,114
GA>TG,42,3,67,67,233,97,98,4,8,10,138
CA>TG,136,2,313,357,617,159,364,35,11,53,412
AA>TG,10,2,88,168,557,59,148,3,3,17,118
TA>TC,43,2,158,697,626,30,233,17,18,62,182
GA>TC,10,1,50,528,204,99,67,3,5,9,73
CA>TC,67,3,198,584,311,96,249,12,16,62,285
AA>TC,7,1,44,175,668,29,60,6,9,21,49
TA>TA,44,2,176,176,218,50,118,17,3,75,89
GA>TA,11,0,62,143,246,30,80,7,10,20,60
CA>TA,123,8,258,201,399,40,266,41,16,80,208
AA>TA,8,1,53,54,427,16,66,9,3,31,56
